id,participant_name,site_id,study_id,country_id,country,document,remark,quiz_completion
1,Grantley,site1,study3,3,poland,Uploaded,,complete
2,Cati,site2,study5,5,russia,Uploaded,,incomplete
3,Baxy,site3,study5,3,poland,Uploaded,,incomplete
4,Edie,site4,study4,3,poland,Uploaded,,complete
5,Miof mela,site5,study3,1,german,eConsent,Self,complete
6,Maribel,site6,study1,1,german,eConsent,Dual Signature,incomplete
7,Morrie,site7,study4,3,poland,Uploaded,,complete
8,Minnaminnie,site8,study3,5,russia,eConsent,Dual Signature,incomplete
9,Raimondo,site9,study3,1,german,Uploaded,,complete
10,Orel,site10,study4,1,german,eConsent,Self,incomplete
11,Morton,site11,study1,1,german,Uploaded,,incomplete
12,Leona,site12,study4,4,uk,eConsent,Self,incomplete
13,Ainslee,site13,study5,3,poland,eConsent,Uploaded,complete
14,Johnnie,site14,study5,4,uk,eConsent,Dual Signature,incomplete
15,Lane,site15,study4,1,german,eConsent,Dual Signature,complete
16,Richard,site16,study4,1,german,Uploaded,,incomplete
17,Kelly,site17,study2,2,usa,Uploaded,,incomplete
18,Arnold,site18,study5,3,poland,Uploaded,,complete
19,Luci,site19,study1,4,uk,Uploaded,,incomplete
20,Carol,site20,study1,1,german,eConsent,Uploaded,complete
21,Beverley,site21,study4,5,russia,Uploaded,,incomplete
22,Bent,site22,study4,1,german,eConsent,Dual Signature,incomplete
23,Dotti,site23,study3,2,usa,Uploaded,,complete
24,Sheila-kathryn,site24,study4,1,german,eConsent,Dual Signature,complete
25,Fredek,site25,study2,2,usa,eConsent,Dual Signature,incomplete
26,Dagny,site26,study5,3,poland,Uploaded,,incomplete
27,Hans,site27,study1,1,german,eConsent,Uploaded,complete
28,Tabor,site28,study2,2,usa,eConsent,Uploaded,complete
29,Wittie,site29,study4,1,german,Uploaded,,incomplete
30,Cacilia,site30,study4,3,poland,Uploaded,,incomplete
31,Aida,site31,study3,1,german,eConsent,Uploaded,incomplete
32,Giacopo,site32,study2,4,uk,Uploaded,,incomplete
33,Sylvester,site33,study5,3,poland,Uploaded,,complete
34,Lorenza,site34,study2,2,usa,eConsent,Uploaded,incomplete
35,Isa,site35,study1,5,russia,eConsent,Dual Signature,complete
36,Chilton,site36,study4,4,uk,Uploaded,,incomplete
37,Leonid,site37,study5,2,usa,eConsent,Dual Signature,incomplete
38,Faulkner,site38,study1,3,poland,eConsent,Uploaded,complete
39,Ganny,site39,study3,5,russia,Uploaded,,complete
40,Kaleb,site40,study2,1,german,eConsent,Uploaded,incomplete
41,Emilee,site41,study4,1,german,eConsent,Self,incomplete
42,Jania,site42,study1,1,german,Uploaded,,incomplete
43,Marylee,site43,study2,4,uk,eConsent,Dual Signature,incomplete
44,Tobe,site44,study3,5,russia,Uploaded,,incomplete
45,Beverlee,site45,study2,1,german,eConsent,Uploaded,incomplete
46,Miriam,site46,study1,5,russia,eConsent,Dual Signature,incomplete
47,Oriana,site47,study2,2,usa,Uploaded,,complete
48,Margi,site48,study2,1,german,Uploaded,,incomplete
49,Anny,site49,study3,2,usa,Uploaded,,incomplete
50,Aharon,site50,study2,3,poland,eConsent,Dual Signature,complete
51,Iorgos,site51,study5,2,usa,eConsent,Dual Signature,complete
52,Leopold,site52,study5,5,russia,eConsent,Self,complete
53,Barret,site53,study4,3,poland,eConsent,Self,complete
54,Reube,site54,study1,1,german,eConsent,Self,incomplete
55,Dotty,site55,study4,4,uk,Uploaded,,complete
56,Jackson,site56,study3,3,poland,Uploaded,,incomplete
57,Penn,site57,study5,3,poland,eConsent,Dual Signature,complete
58,Ogdon,site58,study2,4,uk,eConsent,Dual Signature,complete
59,Sybila,site59,study1,5,russia,Uploaded,,incomplete
60,Patricio,site60,study2,4,uk,Uploaded,,complete
61,Petunia,site61,study4,4,uk,eConsent,Dual Signature,complete
62,Edgardo,site62,study1,5,russia,Uploaded,,incomplete
63,Jolyn,site63,study2,2,usa,Uploaded,,complete
64,Erie,site64,study1,5,russia,Uploaded,,incomplete
65,Jaine,site65,study1,2,usa,Uploaded,,complete
66,Fidelio,site66,study1,1,german,Uploaded,,incomplete
67,Guenna,site67,study2,2,usa,Uploaded,,incomplete
68,Torin,site68,study5,5,russia,Uploaded,,complete
69,Clyve,site69,study2,2,usa,eConsent,Dual Signature,complete
70,Clarisse,site70,study4,2,usa,eConsent,Dual Signature,complete
71,Diandra,site71,study1,1,german,eConsent,Uploaded,complete
72,Sybilla,site72,study4,2,usa,eConsent,Uploaded,incomplete
73,Edin,site73,study4,4,uk,eConsent,Self,complete
74,Dillie,site74,study1,4,uk,Uploaded,,incomplete
75,Ardine,site75,study5,4,uk,eConsent,Dual Signature,incomplete
76,Vic,site76,study5,3,poland,eConsent,Dual Signature,complete
77,Chrystel,site77,study5,1,german,eConsent,Uploaded,complete
78,Lyndsie,site78,study3,1,german,eConsent,Self,incomplete
79,Nathanael,site79,study3,4,uk,Uploaded,,incomplete
80,Bab,site80,study4,1,german,Uploaded,,incomplete
81,Alidia,site81,study1,5,russia,eConsent,Self,incomplete
82,Eduard,site82,study5,3,poland,Uploaded,,complete
83,Seamus,site83,study1,5,russia,Uploaded,,incomplete
84,Fielding,site84,study3,3,poland,Uploaded,,complete
85,Ewell,site85,study2,3,poland,Uploaded,,incomplete
86,Ephrem,site86,study3,3,poland,eConsent,Uploaded,incomplete
87,Cathrin,site87,study5,5,russia,eConsent,Uploaded,complete
88,Piotr,site88,study2,1,german,Uploaded,,complete
89,Jenny,site89,study4,5,russia,Uploaded,,complete
90,Haleigh,site90,study4,4,uk,eConsent,Dual Signature,incomplete
91,Pietrek,site91,study4,4,uk,eConsent,Dual Signature,complete
92,Lorain,site92,study2,2,usa,Uploaded,,incomplete
93,Joyce,site93,study1,1,german,Uploaded,,complete
94,Vinson,site94,study1,3,poland,Uploaded,,complete
95,Hannis,site95,study2,5,russia,Uploaded,,complete
96,Nathaniel,site96,study5,4,uk,eConsent,Uploaded,incomplete
97,Krissie,site97,study3,3,poland,eConsent,Dual Signature,incomplete
98,Sanson,site98,study5,4,uk,eConsent,Dual Signature,incomplete
99,Rozella,site99,study3,4,uk,eConsent,Dual Signature,complete
100,Amalee,site100,study4,3,poland,eConsent,Uploaded,incomplete
101,Gallard,site101,study5,5,russia,Uploaded,,complete
102,Gaby,site102,study2,2,usa,Uploaded,,incomplete
103,Bernardo,site103,study2,1,german,Uploaded,,complete
104,Norry,site104,study2,4,uk,eConsent,Dual Signature,incomplete
105,Gregory,site105,study5,2,usa,Uploaded,,complete
106,Thorstein,site106,study2,5,russia,Uploaded,,incomplete
107,Revkah,site107,study4,5,russia,eConsent,Dual Signature,complete
108,Aggy,site108,study2,4,uk,eConsent,Dual Signature,incomplete
109,Kip,site109,study4,5,russia,eConsent,Self,complete
110,Free,site110,study5,3,poland,Uploaded,,complete
111,Thibaut,site111,study4,2,usa,Uploaded,,complete
112,Michaela,site112,study1,5,russia,eConsent,Uploaded,incomplete
113,Daniel,site113,study2,3,poland,eConsent,Self,incomplete
114,Sutherland,site114,study1,5,russia,Uploaded,,complete
115,Lebbie,site115,study2,1,german,eConsent,Uploaded,complete
116,Kristian,site116,study2,5,russia,Uploaded,,complete
117,Salli,site117,study5,3,poland,Uploaded,,incomplete
118,Torey,site118,study3,2,usa,eConsent,Uploaded,incomplete
119,Christal,site119,study4,1,german,Uploaded,,complete
120,Sigfrid,site120,study3,3,poland,Uploaded,,incomplete
121,Dixie,site121,study5,1,german,eConsent,Uploaded,incomplete
122,Teddy,site122,study1,1,german,eConsent,Dual Signature,incomplete
123,Poppy,site123,study5,2,usa,eConsent,Dual Signature,incomplete
124,Petr,site124,study2,3,poland,Uploaded,,complete
125,Ward,site125,study1,4,uk,eConsent,Self,complete
126,Pasquale,site126,study3,4,uk,eConsent,Self,complete
127,Jenn,site127,study5,2,usa,Uploaded,,complete
128,Arda,site128,study2,5,russia,eConsent,Uploaded,incomplete
129,Rosette,site129,study2,4,uk,Uploaded,,complete
130,Bond,site130,study3,1,german,eConsent,Self,complete
131,Roderick,site131,study2,2,usa,eConsent,Uploaded,complete
132,Roseanne,site132,study3,1,german,eConsent,Self,complete
133,Allen,site133,study4,5,russia,Uploaded,,incomplete
134,Kip,site134,study4,2,usa,Uploaded,,incomplete
135,Kelley,site135,study1,2,usa,eConsent,Self,complete
136,Allina,site136,study1,4,uk,eConsent,Self,incomplete
137,Constantine,site137,study3,3,poland,Uploaded,,complete
138,Drugi,site138,study2,2,usa,eConsent,Uploaded,complete
139,Derward,site139,study1,2,usa,Uploaded,,incomplete
140,Cullin,site140,study1,5,russia,Uploaded,,incomplete
141,Brent,site141,study4,3,poland,eConsent,Self,incomplete
142,Arie,site142,study4,1,german,eConsent,Uploaded,complete
143,Correy,site143,study1,1,german,Uploaded,,complete
144,Reggie,site144,study1,1,german,Uploaded,,incomplete
145,Lew,site145,study3,2,usa,Uploaded,,incomplete
146,Clare,site146,study5,1,german,eConsent,Uploaded,complete
147,Shannah,site147,study2,1,german,eConsent,Self,complete
148,Tabbie,site148,study3,2,usa,Uploaded,,incomplete
149,Wolfie,site149,study2,2,usa,Uploaded,,incomplete
150,William,site150,study2,4,uk,eConsent,Dual Signature,incomplete
151,Nichols,site151,study5,5,russia,Uploaded,,complete
152,Alverta,site152,study3,5,russia,eConsent,Uploaded,incomplete
153,Arron,site153,study3,4,uk,eConsent,Self,complete
154,Nikolaos,site154,study3,5,russia,Uploaded,,incomplete
155,Dolf,site155,study5,2,usa,eConsent,Uploaded,complete
156,Pru,site156,study1,5,russia,Uploaded,,incomplete
157,Murial,site157,study2,1,german,Uploaded,,incomplete
158,Fanni,site158,study2,5,russia,eConsent,Self,incomplete
159,Raven,site159,study1,1,german,eConsent,Dual Signature,complete
160,Arch,site160,study1,4,uk,eConsent,Dual Signature,complete
161,Derek,site161,study4,3,poland,eConsent,Self,complete
162,Diana,site162,study5,5,russia,Uploaded,,complete
163,Doloritas,site163,study3,1,german,eConsent,Uploaded,incomplete
164,Burgess,site164,study1,2,usa,eConsent,Self,complete
165,Ibby,site165,study3,2,usa,eConsent,Dual Signature,incomplete
166,Vikki,site166,study2,2,usa,Uploaded,,incomplete
167,Ingrid,site167,study2,5,russia,Uploaded,,incomplete
168,Zacharias,site168,study4,4,uk,eConsent,Self,incomplete
169,Jesus,site169,study4,2,usa,eConsent,Uploaded,incomplete
170,Whitby,site170,study3,1,german,eConsent,Dual Signature,incomplete
171,Alwin,site171,study3,3,poland,eConsent,Dual Signature,incomplete
172,Alejandro,site172,study1,1,german,Uploaded,,complete
173,Julio,site173,study3,3,poland,Uploaded,,complete
174,Elspeth,site174,study2,3,poland,eConsent,Dual Signature,incomplete
175,Dorothee,site175,study2,3,poland,Uploaded,,complete
176,Rebe,site176,study4,3,poland,Uploaded,,incomplete
177,Maryl,site177,study3,1,german,Uploaded,,incomplete
178,Cleavland,site178,study4,1,german,Uploaded,,complete
179,Kristyn,site179,study4,2,usa,Uploaded,,complete
180,Phillipp,site180,study5,3,poland,Uploaded,,incomplete
181,Alonzo,site181,study2,1,german,Uploaded,,incomplete
182,Darnell,site182,study4,5,russia,eConsent,Dual Signature,complete
183,Dennison,site183,study5,3,poland,eConsent,Uploaded,incomplete
184,Gibb,site184,study4,5,russia,eConsent,Dual Signature,incomplete
185,Donaugh,site185,study2,1,german,Uploaded,,incomplete
186,Lavinia,site186,study3,2,usa,eConsent,Self,incomplete
187,Odella,site187,study2,4,uk,eConsent,Dual Signature,complete
188,Jasper,site188,study1,2,usa,eConsent,Uploaded,complete
189,Filberte,site189,study2,5,russia,eConsent,Self,incomplete
190,Chryste,site190,study4,5,russia,eConsent,Self,complete
191,Cristina,site191,study3,1,german,Uploaded,,complete
192,Ive,site192,study2,1,german,eConsent,Uploaded,complete
193,Shirleen,site193,study5,4,uk,Uploaded,,incomplete
194,Reidar,site194,study5,5,russia,Uploaded,,complete
195,Toinette,site195,study3,1,german,Uploaded,,complete
196,Leupold,site196,study2,3,poland,eConsent,Uploaded,complete
197,Lenore,site197,study5,4,uk,Uploaded,,complete
198,Tobit,site198,study4,2,usa,eConsent,Uploaded,complete
199,Joshia,site199,study3,1,german,eConsent,Uploaded,incomplete
200,Camala,site200,study5,2,usa,Uploaded,,complete
201,Rosaleen,site201,study1,2,usa,Uploaded,,incomplete
202,Garwin,site202,study2,1,german,Uploaded,,incomplete
203,Murdock,site203,study3,5,russia,eConsent,Self,complete
204,Jamal,site204,study3,4,uk,eConsent,Dual Signature,incomplete
205,Reginald,site205,study1,5,russia,Uploaded,,complete
206,Barbey,site206,study3,5,russia,Uploaded,,incomplete
207,Homerus,site207,study2,2,usa,Uploaded,,incomplete
208,Joana,site208,study1,5,russia,eConsent,Self,complete
209,Jimmy,site209,study2,1,german,Uploaded,,incomplete
210,Marion,site210,study2,4,uk,Uploaded,,complete
211,Wanids,site211,study5,4,uk,Uploaded,,incomplete
212,Erda,site212,study3,4,uk,Uploaded,,complete
213,Evvy,site213,study2,3,poland,eConsent,Dual Signature,complete
214,Jamey,site214,study4,4,uk,eConsent,Uploaded,complete
215,Milton,site215,study2,1,german,Uploaded,,incomplete
216,Zitella,site216,study2,5,russia,Uploaded,,complete
217,Raimundo,site217,study4,2,usa,eConsent,Dual Signature,incomplete
218,Karoly,site218,study2,4,uk,Uploaded,,complete
219,Linoel,site219,study4,4,uk,eConsent,Self,complete
220,Maritsa,site220,study4,5,russia,Uploaded,,incomplete
221,Ricca,site221,study1,4,uk,eConsent,Dual Signature,incomplete
222,Elnar,site222,study4,2,usa,Uploaded,,incomplete
223,Marylin,site223,study4,3,poland,eConsent,Self,complete
224,Joanna,site224,study3,3,poland,eConsent,Self,incomplete
225,Hew,site225,study1,3,poland,eConsent,Uploaded,incomplete
226,Codee,site226,study4,5,russia,Uploaded,,incomplete
227,Dougie,site227,study5,5,russia,Uploaded,,complete
228,Pattie,site228,study2,2,usa,Uploaded,,complete
229,Violet,site229,study5,2,usa,eConsent,Self,incomplete
230,Tiphany,site230,study5,1,german,eConsent,Uploaded,incomplete
231,Malinda,site231,study3,5,russia,Uploaded,,incomplete
232,Agatha,site232,study5,3,poland,eConsent,Dual Signature,complete
233,Jay,site233,study5,2,usa,Uploaded,,incomplete
234,Buck,site234,study3,3,poland,eConsent,Self,complete
235,Lise,site235,study2,2,usa,eConsent,Dual Signature,complete
236,Davin,site236,study3,2,usa,eConsent,Self,complete
237,Cleveland,site237,study5,2,usa,Uploaded,,incomplete
238,Urbanus,site238,study1,4,uk,eConsent,Self,complete
239,Trefor,site239,study2,3,poland,Uploaded,,complete
240,Devonna,site240,study5,3,poland,Uploaded,,complete
241,Maure,site241,study1,4,uk,eConsent,Self,complete
242,Theressa,site242,study3,4,uk,Uploaded,,incomplete
243,Adriane,site243,study1,1,german,Uploaded,,incomplete
244,Dona,site244,study2,4,uk,Uploaded,,complete
245,Pepillo,site245,study1,2,usa,eConsent,Uploaded,incomplete
246,Gordan,site246,study4,4,uk,eConsent,Uploaded,incomplete
247,Timothee,site247,study1,5,russia,eConsent,Self,complete
248,Meggi,site248,study4,5,russia,Uploaded,,incomplete
249,Benjamen,site249,study5,2,usa,eConsent,Self,complete
250,Mic,site250,study3,4,uk,Uploaded,,incomplete
251,Olav,site251,study5,1,german,eConsent,Dual Signature,incomplete
252,Ebony,site252,study4,3,poland,Uploaded,,incomplete
253,Rod,site253,study1,1,german,eConsent,Self,incomplete
254,Melisenda,site254,study4,3,poland,eConsent,Dual Signature,incomplete
255,Dennis,site255,study1,1,german,Uploaded,,complete
256,Stan,site256,study5,5,russia,eConsent,Self,complete
257,Ivory,site257,study2,2,usa,eConsent,Dual Signature,complete
258,Reba,site258,study5,1,german,Uploaded,,incomplete
259,Jaymie,site259,study2,3,poland,eConsent,Self,complete
260,Killy,site260,study2,3,poland,Uploaded,,incomplete
261,Germain,site261,study1,4,uk,eConsent,Self,complete
262,Vincents,site262,study1,3,poland,eConsent,Uploaded,incomplete
263,Cornelle,site263,study1,1,german,Uploaded,,incomplete
264,Vaughn,site264,study4,1,german,eConsent,Dual Signature,complete
265,Bev,site265,study4,3,poland,eConsent,Uploaded,incomplete
266,Gaspard,site266,study3,3,poland,Uploaded,,complete
267,Tibold,site267,study4,1,german,eConsent,Uploaded,complete
268,Lisbeth,site268,study2,5,russia,eConsent,Self,incomplete
269,Heida,site269,study5,3,poland,eConsent,Dual Signature,complete
270,Suzann,site270,study1,3,poland,eConsent,Dual Signature,incomplete
271,Willi,site271,study1,5,russia,eConsent,Self,complete
272,Nataniel,site272,study5,2,usa,eConsent,Uploaded,complete
273,Marta,site273,study2,3,poland,eConsent,Dual Signature,complete
274,Ninnette,site274,study1,4,uk,Uploaded,,complete
275,Allys,site275,study5,5,russia,Uploaded,,incomplete
276,Guenna,site276,study5,2,usa,eConsent,Dual Signature,complete
277,Evan,site277,study4,4,uk,eConsent,Dual Signature,incomplete
278,Drusilla,site278,study1,5,russia,eConsent,Self,incomplete
279,Pietrek,site279,study2,3,poland,eConsent,Self,incomplete
280,Peter,site280,study1,2,usa,Uploaded,,incomplete
281,Gan,site281,study2,1,german,eConsent,Self,complete
282,Marchall,site282,study1,4,uk,Uploaded,,complete
283,Haley,site283,study3,1,german,Uploaded,,complete
284,Violetta,site284,study4,2,usa,eConsent,Self,incomplete
285,Felicio,site285,study5,1,german,eConsent,Self,complete
286,Margo,site286,study3,4,uk,Uploaded,,incomplete
287,Paulo,site287,study2,1,german,Uploaded,,incomplete
288,Archaimbaud,site288,study3,2,usa,Uploaded,,incomplete
289,Katinka,site289,study2,4,uk,eConsent,Uploaded,incomplete
290,Vilma,site290,study3,1,german,Uploaded,,complete
291,Ode,site291,study1,1,german,eConsent,Self,complete
292,Caye,site292,study4,2,usa,Uploaded,,complete
293,Amos,site293,study1,3,poland,Uploaded,,complete
294,Zorina,site294,study3,4,uk,eConsent,Dual Signature,incomplete
295,Clarance,site295,study4,4,uk,eConsent,Dual Signature,complete
296,Jarrett,site296,study3,3,poland,Uploaded,,complete
297,Michael,site297,study2,4,uk,eConsent,Self,incomplete
298,Karena,site298,study3,1,german,Uploaded,,incomplete
299,Celinda,site299,study5,2,usa,Uploaded,,incomplete
300,Caroljean,site300,study5,5,russia,eConsent,Self,incomplete
301,Sadie,site301,study1,1,german,Uploaded,,complete
302,Rhodie,site302,study4,2,usa,Uploaded,,incomplete
303,Artemus,site303,study1,2,usa,Uploaded,,complete
304,Tiffie,site304,study1,2,usa,eConsent,Dual Signature,complete
305,Armand,site305,study3,4,uk,eConsent,Uploaded,incomplete
306,Cordey,site306,study4,5,russia,Uploaded,,incomplete
307,Letizia,site307,study2,3,poland,eConsent,Dual Signature,complete
308,Goober,site308,study4,1,german,Uploaded,,complete
309,Del,site309,study1,2,usa,Uploaded,,incomplete
310,Kelsey,site310,study1,4,uk,eConsent,Dual Signature,incomplete
311,Stephine,site311,study3,4,uk,Uploaded,,incomplete
312,Donny,site312,study3,5,russia,eConsent,Uploaded,complete
313,Pattie,site313,study4,2,usa,eConsent,Dual Signature,incomplete
314,Gussy,site314,study1,1,german,Uploaded,,incomplete
315,Carlen,site315,study2,3,poland,Uploaded,,complete
316,Carlee,site316,study2,1,german,eConsent,Dual Signature,complete
317,Collen,site317,study2,2,usa,Uploaded,,complete
318,Lindy,site318,study4,5,russia,Uploaded,,complete
319,Rutter,site319,study4,3,poland,eConsent,Uploaded,complete
320,Anatola,site320,study4,2,usa,Uploaded,,incomplete
321,Colly,site321,study1,1,german,Uploaded,,incomplete
322,Margaretta,site322,study5,1,german,eConsent,Dual Signature,complete
323,Winonah,site323,study5,1,german,Uploaded,,incomplete
324,Onofredo,site324,study1,5,russia,eConsent,Uploaded,incomplete
325,Sam,site325,study1,1,german,Uploaded,,complete
326,Tessa,site326,study4,1,german,Uploaded,,incomplete
327,Esdras,site327,study5,4,uk,Uploaded,,incomplete
328,Kameko,site328,study2,4,uk,eConsent,Dual Signature,complete
329,August,site329,study4,5,russia,Uploaded,,complete
330,Sibella,site330,study2,1,german,eConsent,Uploaded,incomplete
331,Kacy,site331,study4,5,russia,eConsent,Self,complete
332,Mufi,site332,study4,4,uk,eConsent,Uploaded,incomplete
333,Hilton,site333,study1,2,usa,Uploaded,,incomplete
334,Alexio,site334,study5,3,poland,Uploaded,,complete
335,Brigida,site335,study5,4,uk,Uploaded,,incomplete
336,Murdock,site336,study4,3,poland,eConsent,Dual Signature,incomplete
337,Danny,site337,study2,4,uk,Uploaded,,complete
338,Nessie,site338,study3,3,poland,eConsent,Dual Signature,complete
339,Kelsey,site339,study5,1,german,Uploaded,,incomplete
340,Christiana,site340,study1,3,poland,eConsent,Self,incomplete
341,Gail,site341,study2,1,german,Uploaded,,complete
342,Jade,site342,study2,3,poland,Uploaded,,incomplete
343,Earlie,site343,study2,1,german,eConsent,Dual Signature,complete
344,Cristionna,site344,study3,3,poland,Uploaded,,incomplete
345,Daisie,site345,study5,4,uk,Uploaded,,incomplete
346,Parsifal,site346,study1,4,uk,Uploaded,,complete
347,Clem,site347,study5,5,russia,Uploaded,,incomplete
348,Thea,site348,study4,3,poland,eConsent,Dual Signature,incomplete
349,Corbin,site349,study1,2,usa,eConsent,Self,incomplete
350,Adelle,site350,study2,1,german,eConsent,Uploaded,incomplete
351,Camilla,site351,study2,2,usa,Uploaded,,incomplete
352,Dimitri,site352,study4,4,uk,eConsent,Self,complete
353,Reynold,site353,study3,1,german,Uploaded,,complete
354,Gill,site354,study1,4,uk,eConsent,Dual Signature,incomplete
355,Antone,site355,study2,1,german,Uploaded,,complete
356,Gabriele,site356,study2,3,poland,eConsent,Self,complete
357,Anett,site357,study1,2,usa,eConsent,Dual Signature,complete
358,Lou,site358,study5,4,uk,eConsent,Self,complete
359,Sheilakathryn,site359,study2,3,poland,eConsent,Uploaded,complete
360,Peria,site360,study1,2,usa,Uploaded,,complete
361,Guinna,site361,study1,2,usa,eConsent,Dual Signature,incomplete
362,Sheila-kathryn,site362,study5,4,uk,Uploaded,,incomplete
363,Arte,site363,study1,2,usa,Uploaded,,complete
364,Isidoro,site364,study1,2,usa,eConsent,Dual Signature,incomplete
365,Noland,site365,study3,5,russia,Uploaded,,incomplete
366,Inez,site366,study3,3,poland,Uploaded,,incomplete
367,Bethanne,site367,study3,5,russia,eConsent,Uploaded,complete
368,Janot,site368,study3,1,german,eConsent,Self,complete
369,Norene,site369,study2,5,russia,Uploaded,,incomplete
370,Bond,site370,study1,5,russia,Uploaded,,complete
371,Georgi,site371,study2,1,german,Uploaded,,complete
372,Thalia,site372,study5,1,german,eConsent,Dual Signature,complete
373,Lorilee,site373,study1,2,usa,Uploaded,,incomplete
374,Daffie,site374,study1,4,uk,eConsent,Dual Signature,complete
375,Dov,site375,study2,4,uk,eConsent,Dual Signature,complete
376,Kris,site376,study3,1,german,Uploaded,,complete
377,Kathi,site377,study2,2,usa,eConsent,Self,incomplete
378,Dorthea,site378,study5,5,russia,Uploaded,,complete
379,Pavla,site379,study5,2,usa,Uploaded,,complete
380,Justis,site380,study5,1,german,Uploaded,,complete
381,Roshelle,site381,study2,4,uk,eConsent,Self,incomplete
382,Wilona,site382,study5,3,poland,eConsent,Dual Signature,incomplete
383,Ede,site383,study2,1,german,eConsent,Dual Signature,complete
384,Park,site384,study5,3,poland,Uploaded,,incomplete
385,Rea,site385,study2,3,poland,Uploaded,,complete
386,Melessa,site386,study1,2,usa,eConsent,Self,complete
387,Jeth,site387,study4,2,usa,eConsent,Dual Signature,incomplete
388,Yoko,site388,study3,3,poland,eConsent,Self,incomplete
389,Laure,site389,study3,2,usa,eConsent,Uploaded,complete
390,Eberto,site390,study1,5,russia,eConsent,Uploaded,incomplete
391,Esmeralda,site391,study5,1,german,eConsent,Dual Signature,incomplete
392,Enos,site392,study4,3,poland,Uploaded,,complete
393,Benoite,site393,study3,5,russia,eConsent,Self,incomplete
394,Yolane,site394,study4,4,uk,eConsent,Dual Signature,complete
395,Lothario,site395,study4,1,german,eConsent,Uploaded,incomplete
396,Petronia,site396,study4,2,usa,eConsent,Self,complete
397,Robb,site397,study2,5,russia,eConsent,Uploaded,complete
398,Alejandra,site398,study5,3,poland,Uploaded,,complete
399,Cameron,site399,study4,1,german,Uploaded,,incomplete
400,Sandra,site400,study5,4,uk,eConsent,Uploaded,complete
401,Kelbee,site401,study2,2,usa,Uploaded,,incomplete
402,Sidonnie,site402,study5,4,uk,eConsent,Uploaded,complete
403,Jany,site403,study2,4,uk,eConsent,Dual Signature,complete
404,Fred,site404,study5,2,usa,Uploaded,,complete
405,Wheeler,site405,study4,3,poland,eConsent,Self,complete
406,Randie,site406,study5,5,russia,Uploaded,,complete
407,Tuesday,site407,study3,4,uk,eConsent,Self,complete
408,Caspar,site408,study2,2,usa,eConsent,Uploaded,complete
409,Chevalier,site409,study1,1,german,eConsent,Uploaded,incomplete
410,Ertha,site410,study1,1,german,Uploaded,,complete
411,Isidora,site411,study1,5,russia,Uploaded,,complete
412,Nissa,site412,study1,2,usa,eConsent,Self,complete
413,Cchaddie,site413,study3,5,russia,eConsent,Uploaded,complete
414,Jorie,site414,study2,2,usa,Uploaded,,incomplete
415,Celle,site415,study5,1,german,Uploaded,,incomplete
416,Lissy,site416,study1,2,usa,eConsent,Self,incomplete
417,Robin,site417,study2,3,poland,eConsent,Uploaded,incomplete
418,Winona,site418,study1,5,russia,Uploaded,,incomplete
419,Domingo,site419,study1,2,usa,eConsent,Dual Signature,complete
420,Kristyn,site420,study1,1,german,eConsent,Uploaded,complete
421,Amberly,site421,study1,4,uk,eConsent,Dual Signature,complete
422,Karel,site422,study5,2,usa,eConsent,Uploaded,incomplete
423,Riccardo,site423,study3,3,poland,eConsent,Self,complete
424,Winifield,site424,study3,1,german,eConsent,Self,incomplete
425,Nerta,site425,study1,3,poland,Uploaded,,complete
426,Thorstein,site426,study4,2,usa,Uploaded,,incomplete
427,Seka,site427,study1,4,uk,eConsent,Self,incomplete
428,Arabelle,site428,study5,1,german,eConsent,Self,complete
429,Hamish,site429,study5,4,uk,eConsent,Uploaded,incomplete
430,Coraline,site430,study4,4,uk,Uploaded,,complete
431,Bax,site431,study2,1,german,eConsent,Self,incomplete
432,Georgine,site432,study4,3,poland,Uploaded,,incomplete
433,Deina,site433,study2,4,uk,Uploaded,,incomplete
434,Adriana,site434,study5,4,uk,Uploaded,,complete
435,Nanci,site435,study2,3,poland,eConsent,Dual Signature,incomplete
436,Morganica,site436,study3,2,usa,Uploaded,,complete
437,Suzanna,site437,study4,2,usa,Uploaded,,incomplete
438,Jo,site438,study1,5,russia,eConsent,Uploaded,incomplete
439,Catie,site439,study4,4,uk,eConsent,Dual Signature,incomplete
440,Elinore,site440,study1,2,usa,eConsent,Uploaded,complete
441,Garwin,site441,study2,3,poland,Uploaded,,complete
442,Zeke,site442,study5,2,usa,eConsent,Dual Signature,complete
443,Tallia,site443,study4,2,usa,eConsent,Uploaded,incomplete
444,Trumann,site444,study4,3,poland,Uploaded,,incomplete
445,Yanaton,site445,study1,5,russia,Uploaded,,complete
446,Hortensia,site446,study1,4,uk,Uploaded,,complete
447,Howey,site447,study1,2,usa,eConsent,Uploaded,incomplete
448,Ham,site448,study1,2,usa,Uploaded,,incomplete
449,Jeniffer,site449,study3,5,russia,eConsent,Uploaded,incomplete
450,Thaine,site450,study1,5,russia,eConsent,Self,incomplete
451,Marcela,site451,study4,1,german,Uploaded,,incomplete
452,Jenilee,site452,study2,3,poland,Uploaded,,incomplete
453,Dorine,site453,study2,1,german,eConsent,Uploaded,incomplete
454,Frederigo,site454,study1,1,german,eConsent,Self,incomplete
455,Rudy,site455,study1,5,russia,eConsent,Uploaded,incomplete
456,Brana,site456,study5,5,russia,Uploaded,,incomplete
457,Oliy,site457,study3,1,german,Uploaded,,complete
458,Rock,site458,study1,1,german,Uploaded,,complete
459,Andie,site459,study2,5,russia,Uploaded,,complete
460,Klemens,site460,study4,2,usa,Uploaded,,incomplete
461,Meridel,site461,study2,1,german,Uploaded,,complete
462,Derick,site462,study1,3,poland,Uploaded,,complete
463,Blaire,site463,study2,2,usa,eConsent,Uploaded,complete
464,Jeni,site464,study2,2,usa,Uploaded,,incomplete
465,Maighdiln,site465,study4,3,poland,Uploaded,,incomplete
466,Sherie,site466,study4,5,russia,eConsent,Dual Signature,complete
467,Kingston,site467,study1,5,russia,eConsent,Self,incomplete
468,Sumner,site468,study3,3,poland,eConsent,Uploaded,incomplete
469,Gianina,site469,study3,3,poland,Uploaded,,incomplete
470,Hatty,site470,study2,1,german,Uploaded,,incomplete
471,Pearle,site471,study3,1,german,eConsent,Self,incomplete
472,Web,site472,study3,3,poland,Uploaded,,complete
473,Karissa,site473,study4,2,usa,eConsent,Dual Signature,incomplete
474,Perla,site474,study1,1,german,Uploaded,,complete
475,Sarene,site475,study5,4,uk,eConsent,Self,complete
476,Willdon,site476,study2,2,usa,Uploaded,,complete
477,Karrie,site477,study1,4,uk,eConsent,Uploaded,complete
478,Karleen,site478,study4,3,poland,eConsent,Uploaded,complete
479,Jobey,site479,study4,4,uk,eConsent,Dual Signature,complete
480,Tom,site480,study1,4,uk,Uploaded,,complete
481,Devy,site481,study3,4,uk,Uploaded,,complete
482,Coral,site482,study2,1,german,Uploaded,,incomplete
483,Hunter,site483,study3,1,german,eConsent,Self,complete
484,Arley,site484,study2,5,russia,Uploaded,,complete
485,Rudyard,site485,study2,3,poland,Uploaded,,complete
486,Fanni,site486,study4,1,german,eConsent,Dual Signature,incomplete
487,Lanie,site487,study3,2,usa,Uploaded,,incomplete
488,Yulma,site488,study5,5,russia,eConsent,Uploaded,incomplete
489,Marcello,site489,study2,2,usa,eConsent,Self,complete
490,Jere,site490,study2,3,poland,eConsent,Uploaded,complete
491,Tyne,site491,study2,5,russia,Uploaded,,complete
492,Joann,site492,study5,1,german,eConsent,Dual Signature,incomplete
493,Elianore,site493,study5,4,uk,Uploaded,,complete
494,Skylar,site494,study2,5,russia,Uploaded,,complete
495,Terrel,site495,study2,2,usa,eConsent,Self,complete
496,Orv,site496,study1,1,german,Uploaded,,incomplete
497,Erek,site497,study2,5,russia,Uploaded,,incomplete
498,Johnath,site498,study5,4,uk,eConsent,Dual Signature,complete
499,Tabby,site499,study5,5,russia,Uploaded,,complete
500,Gwenette,site500,study1,4,uk,Uploaded,,incomplete
501,Christiane,site501,study4,1,german,Uploaded,,incomplete
502,Wynny,site502,study2,3,poland,Uploaded,,complete
503,Chrystal,site503,study5,4,uk,Uploaded,,complete
504,Godard,site504,study2,5,russia,eConsent,Self,complete
505,Sunny,site505,study4,2,usa,Uploaded,,incomplete
506,Talbot,site506,study2,2,usa,Uploaded,,complete
507,Cletus,site507,study1,3,poland,eConsent,Dual Signature,complete
508,Kimmi,site508,study2,3,poland,eConsent,Self,complete
509,Maure,site509,study3,2,usa,eConsent,Dual Signature,incomplete
510,Tracy,site510,study2,5,russia,Uploaded,,complete
511,Wilhelm,site511,study3,4,uk,Uploaded,,complete
512,Dickie,site512,study4,1,german,Uploaded,,incomplete
513,Garrick,site513,study2,2,usa,eConsent,Dual Signature,incomplete
514,Jeremie,site514,study1,5,russia,eConsent,Self,complete
515,Carena,site515,study3,5,russia,eConsent,Dual Signature,complete
516,Jori,site516,study2,3,poland,Uploaded,,incomplete
517,Calley,site517,study1,1,german,Uploaded,,incomplete
518,Salem,site518,study1,3,poland,Uploaded,,complete
519,Maryellen,site519,study3,5,russia,Uploaded,,complete
520,Nap,site520,study1,2,usa,eConsent,Self,complete
521,Ricki,site521,study2,5,russia,Uploaded,,complete
522,Avrit,site522,study1,4,uk,Uploaded,,complete
523,Dexter,site523,study5,3,poland,Uploaded,,complete
524,Trenton,site524,study4,3,poland,Uploaded,,incomplete
525,Dun,site525,study2,2,usa,Uploaded,,incomplete
526,Iosep,site526,study1,2,usa,Uploaded,,complete
527,Vera,site527,study3,4,uk,Uploaded,,complete
528,Curr,site528,study1,2,usa,eConsent,Dual Signature,complete
529,Wilt,site529,study3,4,uk,Uploaded,,complete
530,Eden,site530,study3,2,usa,eConsent,Self,incomplete
531,Auria,site531,study4,4,uk,Uploaded,,complete
532,Tasha,site532,study1,1,german,eConsent,Self,complete
533,Richmound,site533,study3,4,uk,Uploaded,,complete
534,Anstice,site534,study4,5,russia,Uploaded,,complete
535,Corby,site535,study1,4,uk,Uploaded,,complete
536,Agustin,site536,study3,5,russia,eConsent,Dual Signature,incomplete
537,Ric,site537,study1,5,russia,Uploaded,,complete
538,Walther,site538,study5,4,uk,eConsent,Self,incomplete
539,Gilbertine,site539,study5,2,usa,Uploaded,,incomplete
540,Bryn,site540,study5,2,usa,eConsent,Uploaded,complete
541,Enrica,site541,study4,5,russia,eConsent,Uploaded,complete
542,Michaeline,site542,study2,2,usa,eConsent,Self,complete
543,Brandy,site543,study3,3,poland,Uploaded,,incomplete
544,Cal,site544,study3,1,german,Uploaded,,complete
545,Ted,site545,study2,5,russia,Uploaded,,incomplete
546,Benyamin,site546,study3,4,uk,eConsent,Self,complete
547,Dominique,site547,study1,3,poland,eConsent,Self,complete
548,Diarmid,site548,study5,2,usa,Uploaded,,incomplete
549,Tedra,site549,study4,2,usa,Uploaded,,complete
550,Corella,site550,study5,1,german,Uploaded,,complete
551,Loree,site551,study1,4,uk,Uploaded,,incomplete
552,Bibbie,site552,study2,5,russia,eConsent,Uploaded,complete
553,Taryn,site553,study1,4,uk,Uploaded,,incomplete
554,Caesar,site554,study2,1,german,Uploaded,,incomplete
555,Mason,site555,study1,4,uk,eConsent,Dual Signature,complete
556,Jeane,site556,study4,2,usa,eConsent,Self,incomplete
557,Jobye,site557,study5,4,uk,eConsent,Self,incomplete
558,Constanta,site558,study5,3,poland,eConsent,Uploaded,complete
559,Taite,site559,study2,4,uk,eConsent,Self,complete
560,Cam,site560,study4,5,russia,Uploaded,,complete
561,Ezechiel,site561,study2,5,russia,eConsent,Dual Signature,incomplete
562,Corabel,site562,study5,2,usa,Uploaded,,incomplete
563,Etty,site563,study2,4,uk,Uploaded,,complete
564,Shawn,site564,study1,5,russia,Uploaded,,complete
565,Carmon,site565,study5,1,german,Uploaded,,incomplete
566,Alys,site566,study1,5,russia,Uploaded,,incomplete
567,Elly,site567,study3,3,poland,eConsent,Self,complete
568,Boyce,site568,study3,1,german,Uploaded,,complete
569,Lilas,site569,study1,4,uk,Uploaded,,incomplete
570,Collette,site570,study5,4,uk,Uploaded,,incomplete
571,Julian,site571,study4,4,uk,Uploaded,,complete
572,Sheilakathryn,site572,study4,1,german,Uploaded,,incomplete
573,Edgar,site573,study4,5,russia,Uploaded,,incomplete
574,Rubina,site574,study5,5,russia,eConsent,Dual Signature,complete
575,Titos,site575,study5,2,usa,Uploaded,,complete
576,Pam,site576,study2,1,german,eConsent,Self,complete
577,Ryann,site577,study5,5,russia,eConsent,Uploaded,incomplete
578,Felicdad,site578,study3,5,russia,eConsent,Self,incomplete
579,Chalmers,site579,study3,4,uk,eConsent,Dual Signature,complete
580,Dionne,site580,study5,2,usa,eConsent,Dual Signature,incomplete
581,Ilaire,site581,study3,5,russia,Uploaded,,incomplete
582,Morissa,site582,study1,4,uk,eConsent,Self,incomplete
583,Bastian,site583,study5,2,usa,Uploaded,,incomplete
584,Leanor,site584,study5,1,german,eConsent,Self,complete
585,Juanita,site585,study3,1,german,eConsent,Self,incomplete
586,Fran,site586,study4,5,russia,eConsent,Self,incomplete
587,Ottilie,site587,study1,4,uk,Uploaded,,complete
588,Gerrie,site588,study4,5,russia,eConsent,Dual Signature,complete
589,Jimmy,site589,study1,2,usa,eConsent,Dual Signature,incomplete
590,Zea,site590,study4,1,german,eConsent,Dual Signature,complete
591,Maximilianus,site591,study2,4,uk,Uploaded,,incomplete
592,Sergent,site592,study1,3,poland,Uploaded,,complete
593,Klemens,site593,study3,1,german,eConsent,Uploaded,incomplete
594,Agnes,site594,study1,2,usa,Uploaded,,incomplete
595,Binni,site595,study2,1,german,eConsent,Dual Signature,incomplete
596,Barny,site596,study2,4,uk,Uploaded,,incomplete
597,Norma,site597,study4,1,german,Uploaded,,incomplete
598,Ginnifer,site598,study1,2,usa,eConsent,Uploaded,incomplete
599,Beatrix,site599,study2,1,german,Uploaded,,complete
600,Niki,site600,study2,4,uk,eConsent,Dual Signature,complete
601,Allin,site601,study4,5,russia,Uploaded,,complete
602,Goldi,site602,study3,5,russia,eConsent,Dual Signature,complete
603,Danica,site603,study1,2,usa,eConsent,Dual Signature,incomplete
604,Jarrett,site604,study5,1,german,Uploaded,,incomplete
605,Mayor,site605,study1,5,russia,eConsent,Dual Signature,incomplete
606,Avrom,site606,study1,1,german,eConsent,Dual Signature,incomplete
607,Rosene,site607,study5,1,german,Uploaded,,complete
608,Michal,site608,study2,3,poland,eConsent,Uploaded,incomplete
609,Gareth,site609,study2,3,poland,Uploaded,,complete
610,Cathyleen,site610,study4,2,usa,eConsent,Self,incomplete
611,Florinda,site611,study2,2,usa,eConsent,Dual Signature,incomplete
612,Lindsey,site612,study4,5,russia,Uploaded,,incomplete
613,Arin,site613,study4,3,poland,eConsent,Uploaded,incomplete
614,Morgan,site614,study1,4,uk,Uploaded,,complete
615,Saloma,site615,study5,4,uk,Uploaded,,complete
616,Rowan,site616,study1,4,uk,Uploaded,,incomplete
617,Craggie,site617,study3,2,usa,eConsent,Dual Signature,incomplete
618,Bertram,site618,study5,5,russia,eConsent,Uploaded,incomplete
619,Zacharia,site619,study2,3,poland,eConsent,Uploaded,incomplete
620,Ferrell,site620,study3,2,usa,Uploaded,,complete
621,Eada,site621,study5,3,poland,eConsent,Dual Signature,complete
622,Rad,site622,study5,2,usa,Uploaded,,complete
623,Derwin,site623,study2,1,german,Uploaded,,incomplete
624,Rex,site624,study2,1,german,Uploaded,,incomplete
625,Maggy,site625,study2,1,german,eConsent,Dual Signature,complete
626,Benson,site626,study3,3,poland,Uploaded,,incomplete
627,Stacia,site627,study1,4,uk,Uploaded,,complete
628,Claribel,site628,study3,5,russia,eConsent,Uploaded,complete
629,Aron,site629,study2,2,usa,Uploaded,,complete
630,Zolly,site630,study2,3,poland,eConsent,Self,incomplete
631,Darrin,site631,study3,5,russia,Uploaded,,complete
632,Queenie,site632,study3,3,poland,Uploaded,,complete
633,Towney,site633,study3,2,usa,Uploaded,,complete
634,Hatti,site634,study2,2,usa,Uploaded,,incomplete
635,Jan,site635,study5,1,german,eConsent,Uploaded,incomplete
636,Jonell,site636,study4,2,usa,Uploaded,,complete
637,Darcey,site637,study3,4,uk,Uploaded,,incomplete
638,Shani,site638,study2,2,usa,eConsent,Dual Signature,incomplete
639,Bride,site639,study3,1,german,eConsent,Dual Signature,incomplete
640,Gonzalo,site640,study2,5,russia,eConsent,Uploaded,incomplete
641,Faustina,site641,study3,3,poland,eConsent,Dual Signature,incomplete
642,Pru,site642,study3,1,german,eConsent,Uploaded,incomplete
643,Donny,site643,study4,4,uk,eConsent,Uploaded,incomplete
644,Portia,site644,study2,2,usa,Uploaded,,incomplete
645,Gail,site645,study4,2,usa,eConsent,Self,complete
646,Jasen,site646,study4,4,uk,Uploaded,,complete
647,Nye,site647,study1,4,uk,Uploaded,,incomplete
648,Audie,site648,study3,5,russia,Uploaded,,incomplete
649,Thibaut,site649,study4,2,usa,eConsent,Uploaded,complete
650,Durand,site650,study4,4,uk,Uploaded,,complete
651,Hyacinthie,site651,study5,3,poland,Uploaded,,incomplete
652,Alison,site652,study2,5,russia,eConsent,Self,complete
653,Peterus,site653,study3,3,poland,eConsent,Self,complete
654,Fairleigh,site654,study2,3,poland,Uploaded,,complete
655,Bernardina,site655,study5,2,usa,Uploaded,,incomplete
656,Tyrus,site656,study1,3,poland,Uploaded,,incomplete
657,Darcee,site657,study3,4,uk,Uploaded,,incomplete
658,Jodi,site658,study1,2,usa,eConsent,Dual Signature,complete
659,Rora,site659,study5,4,uk,Uploaded,,complete
660,Dorthy,site660,study2,4,uk,Uploaded,,complete
661,Darby,site661,study1,5,russia,Uploaded,,complete
662,Sidnee,site662,study3,3,poland,Uploaded,,complete
663,Ajay,site663,study1,4,uk,Uploaded,,complete
664,Noll,site664,study4,2,usa,Uploaded,,complete
665,Dedie,site665,study2,3,poland,Uploaded,,complete
666,Allyn,site666,study3,4,uk,Uploaded,,complete
667,Bartel,site667,study2,3,poland,eConsent,Uploaded,incomplete
668,Ilise,site668,study2,1,german,Uploaded,,incomplete
669,Muffin,site669,study5,4,uk,Uploaded,,incomplete
670,Brew,site670,study1,2,usa,eConsent,Dual Signature,incomplete
671,Celestyna,site671,study2,2,usa,Uploaded,,complete
672,Ambrosi,site672,study4,1,german,Uploaded,,complete
673,Brandais,site673,study1,5,russia,eConsent,Self,complete
674,Margalit,site674,study3,1,german,eConsent,Self,incomplete
675,Koressa,site675,study5,4,uk,eConsent,Uploaded,complete
676,Gonzalo,site676,study1,4,uk,Uploaded,,complete
677,Lewes,site677,study1,5,russia,Uploaded,,incomplete
678,Delaney,site678,study2,5,russia,eConsent,Self,complete
679,Ailey,site679,study3,1,german,Uploaded,,complete
680,Amalle,site680,study1,1,german,Uploaded,,complete
681,Deidre,site681,study5,1,german,Uploaded,,incomplete
682,Hetty,site682,study3,4,uk,eConsent,Dual Signature,complete
683,Shayna,site683,study2,1,german,Uploaded,,incomplete
684,Devlen,site684,study2,1,german,Uploaded,,incomplete
685,Belvia,site685,study3,4,uk,eConsent,Dual Signature,incomplete
686,Karlis,site686,study5,5,russia,eConsent,Uploaded,incomplete
687,Lila,site687,study4,2,usa,eConsent,Self,complete
688,Daniel,site688,study1,4,uk,eConsent,Uploaded,incomplete
689,Ilyse,site689,study4,3,poland,eConsent,Dual Signature,complete
690,Vick,site690,study2,1,german,Uploaded,,incomplete
691,Marielle,site691,study4,2,usa,eConsent,Dual Signature,incomplete
692,Carney,site692,study3,5,russia,eConsent,Self,complete
693,Hughie,site693,study3,2,usa,Uploaded,,complete
694,Dimitri,site694,study2,2,usa,eConsent,Self,incomplete
695,Morgan,site695,study2,1,german,eConsent,Dual Signature,complete
696,Gunner,site696,study5,2,usa,eConsent,Dual Signature,incomplete
697,Marget,site697,study1,4,uk,eConsent,Self,complete
698,Ardelia,site698,study3,5,russia,eConsent,Uploaded,incomplete
699,Ferdinanda,site699,study4,5,russia,eConsent,Uploaded,incomplete
700,Devon,site700,study3,2,usa,eConsent,Uploaded,incomplete
701,Hildagarde,site701,study2,4,uk,Uploaded,,complete
702,Orson,site702,study5,4,uk,eConsent,Dual Signature,complete
703,Irene,site703,study5,3,poland,eConsent,Uploaded,incomplete
704,Elysia,site704,study4,4,uk,Uploaded,,complete
705,Abigael,site705,study2,5,russia,Uploaded,,complete
706,Ev,site706,study4,1,german,Uploaded,,incomplete
707,Guinevere,site707,study1,3,poland,eConsent,Self,complete
708,Shelden,site708,study3,4,uk,Uploaded,,complete
709,Caritta,site709,study2,3,poland,eConsent,Self,complete
710,Tarra,site710,study1,5,russia,Uploaded,,complete
711,Sheffield,site711,study2,1,german,Uploaded,,incomplete
712,Lisle,site712,study1,3,poland,eConsent,Dual Signature,complete
713,Herculie,site713,study4,2,usa,Uploaded,,incomplete
714,Demetris,site714,study4,4,uk,eConsent,Self,incomplete
715,Mimi,site715,study2,4,uk,eConsent,Uploaded,complete
716,Bertram,site716,study3,5,russia,eConsent,Dual Signature,incomplete
717,Madalena,site717,study3,3,poland,eConsent,Self,complete
718,Prue,site718,study5,1,german,eConsent,Dual Signature,incomplete
719,Jolee,site719,study3,2,usa,Uploaded,,complete
720,Marina,site720,study1,2,usa,Uploaded,,complete
721,Wilow,site721,study3,2,usa,eConsent,Dual Signature,complete
722,Burgess,site722,study2,2,usa,eConsent,Self,complete
723,Vicki,site723,study1,3,poland,Uploaded,,incomplete
724,Ashlin,site724,study5,3,poland,eConsent,Self,complete
725,Maury,site725,study5,2,usa,eConsent,Uploaded,complete
726,Harris,site726,study3,1,german,eConsent,Dual Signature,incomplete
727,Golda,site727,study3,2,usa,eConsent,Uploaded,complete
728,Eula,site728,study5,4,uk,Uploaded,,incomplete
729,Tabbitha,site729,study2,2,usa,eConsent,Self,incomplete
730,Tootsie,site730,study4,1,german,Uploaded,,complete
731,Noach,site731,study4,4,uk,Uploaded,,incomplete
732,Alyosha,site732,study5,4,uk,Uploaded,,incomplete
733,Cindie,site733,study5,3,poland,Uploaded,,incomplete
734,Iain,site734,study2,2,usa,Uploaded,,complete
735,Fayth,site735,study5,5,russia,eConsent,Self,complete
736,Stacy,site736,study1,3,poland,Uploaded,,complete
737,Yoshi,site737,study4,3,poland,Uploaded,,complete
738,Roman,site738,study2,3,poland,Uploaded,,complete
739,Dyanne,site739,study4,5,russia,Uploaded,,incomplete
740,Lucina,site740,study4,3,poland,eConsent,Dual Signature,complete
741,Bailey,site741,study3,4,uk,Uploaded,,incomplete
742,Maddy,site742,study1,2,usa,Uploaded,,complete
743,Katharine,site743,study4,5,russia,eConsent,Uploaded,incomplete
744,Saidee,site744,study2,5,russia,eConsent,Dual Signature,incomplete
745,Moshe,site745,study1,1,german,eConsent,Uploaded,complete
746,Matthus,site746,study2,2,usa,Uploaded,,incomplete
747,Yurik,site747,study2,4,uk,eConsent,Dual Signature,complete
748,Wynne,site748,study1,1,german,eConsent,Self,complete
749,Kizzee,site749,study1,4,uk,eConsent,Self,complete
750,Carrissa,site750,study4,3,poland,Uploaded,,complete
751,Lebbie,site751,study3,2,usa,Uploaded,,complete
752,Rose,site752,study2,1,german,eConsent,Self,incomplete
753,Benji,site753,study1,2,usa,Uploaded,,complete
754,Skelly,site754,study2,1,german,eConsent,Self,complete
755,Salaidh,site755,study4,5,russia,Uploaded,,complete
756,Nial,site756,study3,1,german,eConsent,Dual Signature,complete
757,Thomasine,site757,study4,2,usa,Uploaded,,incomplete
758,Cherish,site758,study1,4,uk,eConsent,Uploaded,incomplete
759,Martie,site759,study2,4,uk,Uploaded,,complete
760,Langston,site760,study4,4,uk,Uploaded,,incomplete
761,Humfrey,site761,study5,2,usa,Uploaded,,complete
762,Sherlock,site762,study4,1,german,eConsent,Dual Signature,complete
763,Berny,site763,study5,3,poland,Uploaded,,complete
764,Bank,site764,study3,2,usa,eConsent,Self,complete
765,Vonni,site765,study3,2,usa,Uploaded,,complete
766,Wilburt,site766,study5,5,russia,Uploaded,,complete
767,Georgianne,site767,study2,2,usa,Uploaded,,complete
768,Aeriel,site768,study1,5,russia,eConsent,Uploaded,incomplete
769,Myles,site769,study1,4,uk,eConsent,Dual Signature,complete
770,Leshia,site770,study4,3,poland,Uploaded,,incomplete
771,Lucais,site771,study1,4,uk,Uploaded,,complete
772,Calv,site772,study5,2,usa,eConsent,Self,incomplete
773,Gladi,site773,study3,1,german,eConsent,Uploaded,incomplete
774,Olympie,site774,study3,1,german,Uploaded,,complete
775,Bud,site775,study2,3,poland,eConsent,Self,complete
776,Herc,site776,study1,1,german,eConsent,Dual Signature,complete
777,Donalt,site777,study1,3,poland,Uploaded,,incomplete
778,Celka,site778,study5,4,uk,eConsent,Self,incomplete
779,Gun,site779,study1,1,german,Uploaded,,complete
780,Dougy,site780,study4,5,russia,Uploaded,,complete
781,Debbi,site781,study1,4,uk,Uploaded,,incomplete
782,Anna-diana,site782,study5,3,poland,eConsent,Uploaded,incomplete
783,August,site783,study4,5,russia,Uploaded,,complete
784,Thomas,site784,study3,4,uk,eConsent,Dual Signature,complete
785,Karlene,site785,study2,3,poland,Uploaded,,complete
786,Jan,site786,study1,1,german,Uploaded,,complete
787,Mae,site787,study2,4,uk,Uploaded,,incomplete
788,Arabela,site788,study2,5,russia,eConsent,Self,complete
789,Alicia,site789,study5,3,poland,Uploaded,,complete
790,Brendis,site790,study2,5,russia,Uploaded,,incomplete
791,Ernest,site791,study5,1,german,eConsent,Self,incomplete
792,Birch,site792,study5,1,german,Uploaded,,complete
793,Dillie,site793,study1,1,german,Uploaded,,incomplete
794,Millicent,site794,study5,5,russia,Uploaded,,incomplete
795,Wilona,site795,study1,1,german,eConsent,Self,complete
796,Gianina,site796,study4,4,uk,eConsent,Uploaded,incomplete
797,Nesta,site797,study1,1,german,eConsent,Dual Signature,complete
798,Kirbee,site798,study1,2,usa,Uploaded,,incomplete
799,Doug,site799,study5,4,uk,Uploaded,,incomplete
800,Bertram,site800,study4,1,german,eConsent,Dual Signature,incomplete
801,Chase,site801,study4,5,russia,Uploaded,,complete
802,Felipa,site802,study5,1,german,eConsent,Self,incomplete
803,Sloan,site803,study1,5,russia,eConsent,Uploaded,complete
804,Cleavland,site804,study4,2,usa,Uploaded,,incomplete
805,Ariela,site805,study3,4,uk,Uploaded,,complete
806,Terrijo,site806,study5,4,uk,Uploaded,,complete
807,Elias,site807,study3,1,german,eConsent,Self,incomplete
808,Bianka,site808,study3,5,russia,eConsent,Uploaded,incomplete
809,Duky,site809,study3,4,uk,eConsent,Dual Signature,complete
810,Gates,site810,study4,2,usa,eConsent,Uploaded,incomplete
811,Zulema,site811,study3,4,uk,Uploaded,,incomplete
812,Cordy,site812,study1,1,german,Uploaded,,complete
813,Sylas,site813,study1,1,german,Uploaded,,incomplete
814,Carlie,site814,study5,4,uk,eConsent,Uploaded,complete
815,Perceval,site815,study1,1,german,Uploaded,,incomplete
816,Dorree,site816,study3,5,russia,Uploaded,,incomplete
817,Lancelot,site817,study1,4,uk,eConsent,Self,complete
818,King,site818,study2,2,usa,eConsent,Self,incomplete
819,Pierette,site819,study1,1,german,Uploaded,,complete
820,Sigfrid,site820,study4,5,russia,Uploaded,,complete
821,Obediah,site821,study2,2,usa,Uploaded,,incomplete
822,Lucienne,site822,study3,1,german,Uploaded,,complete
823,Garnette,site823,study4,3,poland,eConsent,Dual Signature,incomplete
824,Kynthia,site824,study1,4,uk,Uploaded,,complete
825,Dame,site825,study2,2,usa,Uploaded,,incomplete
826,Karalee,site826,study1,2,usa,eConsent,Dual Signature,complete
827,Erin,site827,study4,5,russia,eConsent,Self,incomplete
828,Malinda,site828,study4,4,uk,eConsent,Dual Signature,complete
829,Dacy,site829,study3,2,usa,eConsent,Self,complete
830,Hayley,site830,study2,1,german,Uploaded,,incomplete
831,Chauncey,site831,study2,2,usa,Uploaded,,incomplete
832,Zared,site832,study4,4,uk,eConsent,Dual Signature,complete
833,Nadiya,site833,study5,5,russia,Uploaded,,incomplete
834,Garik,site834,study2,5,russia,eConsent,Uploaded,complete
835,Berty,site835,study2,4,uk,Uploaded,,complete
836,Manda,site836,study5,4,uk,eConsent,Uploaded,complete
837,Yves,site837,study4,4,uk,Uploaded,,complete
838,Dermot,site838,study5,4,uk,eConsent,Uploaded,incomplete
839,Rollie,site839,study3,5,russia,Uploaded,,complete
840,Madella,site840,study5,3,poland,eConsent,Dual Signature,incomplete
841,Pieter,site841,study1,3,poland,Uploaded,,complete
842,Franky,site842,study4,5,russia,eConsent,Uploaded,incomplete
843,Xymenes,site843,study1,1,german,Uploaded,,complete
844,Jayme,site844,study3,3,poland,eConsent,Self,incomplete
845,Ermin,site845,study5,3,poland,Uploaded,,complete
846,Gilberte,site846,study2,2,usa,eConsent,Self,incomplete
847,Gerrie,site847,study1,3,poland,Uploaded,,complete
848,Gifford,site848,study1,4,uk,Uploaded,,complete
849,Drucy,site849,study5,5,russia,eConsent,Dual Signature,incomplete
850,Julieta,site850,study1,3,poland,eConsent,Dual Signature,complete
851,Gerome,site851,study3,1,german,Uploaded,,incomplete
852,Kevan,site852,study2,1,german,Uploaded,,incomplete
853,Kettie,site853,study5,5,russia,eConsent,Dual Signature,complete
854,Franny,site854,study3,1,german,eConsent,Self,incomplete
855,Pembroke,site855,study4,1,german,Uploaded,,incomplete
856,Alden,site856,study2,2,usa,Uploaded,,incomplete
857,Alphard,site857,study4,1,german,eConsent,Uploaded,complete
858,Niles,site858,study4,5,russia,eConsent,Uploaded,incomplete
859,Shane,site859,study4,4,uk,eConsent,Uploaded,incomplete
860,Rock,site860,study1,2,usa,Uploaded,,incomplete
861,Nomi,site861,study5,4,uk,eConsent,Dual Signature,incomplete
862,Abramo,site862,study3,1,german,eConsent,Self,incomplete
863,Almeria,site863,study1,5,russia,eConsent,Uploaded,incomplete
864,Cynthia,site864,study1,1,german,eConsent,Uploaded,complete
865,Franky,site865,study3,3,poland,Uploaded,,complete
866,Alex,site866,study4,4,uk,Uploaded,,incomplete
867,Debor,site867,study2,5,russia,eConsent,Self,complete
868,Theodore,site868,study2,5,russia,eConsent,Self,incomplete
869,Galina,site869,study3,4,uk,eConsent,Self,incomplete
870,Mindy,site870,study1,3,poland,Uploaded,,incomplete
871,Berta,site871,study3,5,russia,Uploaded,,incomplete
872,Abeu,site872,study5,1,german,Uploaded,,incomplete
873,Barde,site873,study2,3,poland,eConsent,Uploaded,incomplete
874,Ilse,site874,study5,3,poland,Uploaded,,incomplete
875,Clevie,site875,study1,5,russia,eConsent,Self,complete
876,Ninon,site876,study1,5,russia,eConsent,Self,complete
877,Gerardo,site877,study1,4,uk,Uploaded,,complete
878,Alberik,site878,study4,3,poland,Uploaded,,complete
879,Quincey,site879,study4,1,german,eConsent,Dual Signature,incomplete
880,Ulrikaumeko,site880,study2,5,russia,eConsent,Uploaded,incomplete
881,Renato,site881,study3,4,uk,Uploaded,,incomplete
882,Christean,site882,study4,5,russia,Uploaded,,complete
883,Corrie,site883,study3,2,usa,Uploaded,,complete
884,Granger,site884,study5,1,german,eConsent,Uploaded,complete
885,Tanney,site885,study4,3,poland,Uploaded,,incomplete
886,Eleonore,site886,study2,1,german,eConsent,Dual Signature,incomplete
887,Callean,site887,study4,2,usa,Uploaded,,complete
888,Ramsay,site888,study4,3,poland,eConsent,Self,incomplete
889,Peri,site889,study1,2,usa,Uploaded,,complete
890,Thain,site890,study3,3,poland,Uploaded,,complete
891,Darn,site891,study5,2,usa,eConsent,Dual Signature,complete
892,Jemie,site892,study3,4,uk,Uploaded,,incomplete
893,Gael,site893,study5,4,uk,eConsent,Uploaded,incomplete
894,Janeczka,site894,study4,5,russia,eConsent,Uploaded,incomplete
895,Liam,site895,study3,1,german,Uploaded,,incomplete
896,Cassius,site896,study2,1,german,Uploaded,,complete
897,Matthieu,site897,study4,4,uk,Uploaded,,complete
898,Donall,site898,study5,1,german,eConsent,Uploaded,complete
899,Sylas,site899,study3,4,uk,Uploaded,,incomplete
900,Kendell,site900,study3,2,usa,Uploaded,,incomplete
901,Gavin,site901,study2,4,uk,eConsent,Self,incomplete
902,Marlo,site902,study5,5,russia,Uploaded,,incomplete
903,Leticia,site903,study5,3,poland,eConsent,Self,incomplete
904,Hans,site904,study5,3,poland,Uploaded,,complete
905,Farand,site905,study3,4,uk,eConsent,Dual Signature,incomplete
906,Deana,site906,study5,5,russia,Uploaded,,incomplete
907,Anastassia,site907,study3,5,russia,Uploaded,,complete
908,Padget,site908,study1,3,poland,eConsent,Self,complete
909,Andrea,site909,study2,2,usa,eConsent,Self,complete
910,Jacynth,site910,study4,3,poland,eConsent,Uploaded,incomplete
911,Chrisse,site911,study2,2,usa,eConsent,Self,complete
912,Curry,site912,study2,1,german,Uploaded,,incomplete
913,Lynett,site913,study4,3,poland,Uploaded,,complete
914,Aldon,site914,study2,3,poland,Uploaded,,incomplete
915,Reginauld,site915,study1,3,poland,eConsent,Uploaded,incomplete
916,Ula,site916,study2,5,russia,Uploaded,,complete
917,Merrill,site917,study5,1,german,eConsent,Self,incomplete
918,Torrey,site918,study1,1,german,eConsent,Dual Signature,complete
919,Thalia,site919,study1,2,usa,eConsent,Uploaded,incomplete
920,Antony,site920,study1,5,russia,Uploaded,,complete
921,Horatio,site921,study2,1,german,eConsent,Uploaded,incomplete
922,Conrade,site922,study4,2,usa,Uploaded,,complete
923,Winston,site923,study1,3,poland,Uploaded,,incomplete
924,Jeniece,site924,study3,5,russia,eConsent,Dual Signature,complete
925,Locke,site925,study4,3,poland,eConsent,Self,incomplete
926,Charissa,site926,study5,1,german,eConsent,Uploaded,complete
927,Eldin,site927,study2,1,german,Uploaded,,complete
928,Virgie,site928,study1,2,usa,Uploaded,,complete
929,Jard,site929,study5,2,usa,Uploaded,,incomplete
930,Ester,site930,study3,4,uk,eConsent,Self,complete
931,Ulrica,site931,study2,3,poland,eConsent,Self,incomplete
932,Ginevra,site932,study2,4,uk,eConsent,Dual Signature,complete
933,Bobbee,site933,study1,3,poland,Uploaded,,complete
934,Ian,site934,study1,5,russia,Uploaded,,incomplete
935,Glenna,site935,study3,4,uk,Uploaded,,complete
936,Auguste,site936,study4,5,russia,Uploaded,,incomplete
937,Jayne,site937,study1,2,usa,Uploaded,,incomplete
938,Karney,site938,study1,5,russia,eConsent,Uploaded,incomplete
939,Coriss,site939,study2,2,usa,eConsent,Dual Signature,incomplete
940,Keary,site940,study5,3,poland,Uploaded,,complete
941,Tanney,site941,study5,5,russia,eConsent,Self,incomplete
942,Chelsea,site942,study4,2,usa,eConsent,Self,complete
943,Demetre,site943,study2,3,poland,eConsent,Uploaded,complete
944,Rickert,site944,study5,5,russia,eConsent,Self,incomplete
945,Claudette,site945,study3,3,poland,eConsent,Self,incomplete
946,Fifine,site946,study2,3,poland,eConsent,Dual Signature,complete
947,Joni,site947,study4,2,usa,eConsent,Self,incomplete
948,Rosamond,site948,study4,1,german,eConsent,Dual Signature,complete
949,Buddy,site949,study5,4,uk,eConsent,Uploaded,complete
950,Rhianna,site950,study2,5,russia,eConsent,Dual Signature,complete
951,Aleece,site951,study4,3,poland,Uploaded,,incomplete
952,Darrin,site952,study4,2,usa,eConsent,Dual Signature,incomplete
953,Tobye,site953,study3,5,russia,eConsent,Self,complete
954,Liuka,site954,study5,2,usa,eConsent,Self,incomplete
955,Nikita,site955,study1,2,usa,eConsent,Uploaded,incomplete
956,Geralda,site956,study2,4,uk,eConsent,Self,incomplete
957,Morris,site957,study2,2,usa,eConsent,Self,complete
958,Marcille,site958,study5,4,uk,Uploaded,,complete
959,Cathi,site959,study3,1,german,eConsent,Uploaded,complete
960,Rafaelia,site960,study1,3,poland,Uploaded,,complete
961,Aldo,site961,study2,1,german,Uploaded,,complete
962,Corie,site962,study3,4,uk,Uploaded,,incomplete
963,Alfie,site963,study2,1,german,eConsent,Dual Signature,complete
964,Frankie,site964,study3,5,russia,eConsent,Dual Signature,incomplete
965,Amelie,site965,study5,5,russia,Uploaded,,incomplete
966,Domenic,site966,study4,5,russia,Uploaded,,incomplete
967,Saundra,site967,study1,5,russia,eConsent,Uploaded,incomplete
968,Cullan,site968,study2,4,uk,Uploaded,,complete
969,Heath,site969,study3,3,poland,eConsent,Dual Signature,complete
970,Caralie,site970,study1,1,german,eConsent,Dual Signature,incomplete
971,Austen,site971,study5,1,german,Uploaded,,incomplete
972,Valene,site972,study5,3,poland,Uploaded,,complete
973,Preston,site973,study3,3,poland,Uploaded,,incomplete
974,Klara,site974,study3,4,uk,Uploaded,,incomplete
975,Red,site975,study2,4,uk,eConsent,Self,complete
976,Rosalyn,site976,study1,4,uk,Uploaded,,complete
977,Bethina,site977,study2,3,poland,Uploaded,,complete
978,Ruperta,site978,study1,5,russia,Uploaded,,complete
979,Vivianne,site979,study3,5,russia,eConsent,Self,incomplete
980,Austine,site980,study3,5,russia,Uploaded,,incomplete
981,Zuzana,site981,study2,2,usa,Uploaded,,complete
982,Rafferty,site982,study1,4,uk,Uploaded,,incomplete
983,Garrard,site983,study5,4,uk,Uploaded,,complete
984,Goldi,site984,study4,1,german,Uploaded,,incomplete
985,Aarika,site985,study2,4,uk,eConsent,Self,complete
986,Roarke,site986,study5,5,russia,Uploaded,,complete
987,Jameson,site987,study1,2,usa,eConsent,Uploaded,complete
988,Nobie,site988,study4,5,russia,eConsent,Self,complete
989,Gayler,site989,study4,4,uk,eConsent,Uploaded,complete
990,Whittaker,site990,study2,2,usa,eConsent,Dual Signature,complete
991,Hanny,site991,study1,4,uk,Uploaded,,incomplete
992,Paulita,site992,study5,1,german,Uploaded,,complete
993,Kassey,site993,study3,1,german,eConsent,Dual Signature,complete
994,Annice,site994,study2,1,german,eConsent,Self,incomplete
995,Stanton,site995,study3,3,poland,Uploaded,,incomplete
996,Maureen,site996,study4,4,uk,Uploaded,,complete
997,Stanton,site997,study5,1,german,Uploaded,,complete
998,Jourdan,site998,study5,2,usa,eConsent,Dual Signature,complete
999,Cash,site999,study5,2,usa,eConsent,Self,incomplete
1000,Veda,site1000,study5,5,russia,eConsent,Dual Signature,incomplete
